,2010,,,,,,,,,,,2013,,,,,,,,
Country,TB,Malaria,HIV,RoundWorm,HookWorm,WhipWorm,Schistosomiasis,Onchocerciasis,LF,,Country,TB,Malaria,HIV,RoundWorm,HookWorm,WhipWorm,Schistosomiasis,Onchocerciasis,LF
Sum,"102,699,861.98","133,388,231.63","85,893,506.16","1,097,954.47","488,172.33","102,800.95","2,558,480.23",N/A - No model,"1,733,239.85",,Sum,"93,168,784.97","84,258,709.76","75,594,571.12","825,876.88","501,955.82","100,451.78","2,123,540.67","1,098,948.30","1,363,719.78"
Afghanistan,"527,191.44","203,230.77","27,121.65","12,940.67",227.23,213.53,0,,0,,Afghanistan,"866,910.96","115,952.04","6,944.87","50,296.93",248.93,265.86,0,0,0
Albania,"2,210.93",3.62,"2,035.05",1.56,0,0,0,,0,,Albania,"1,827.78",0,85.12,1.06,0,0,0,0,0
Algeria,"100,049.82",9.12,"48,627.20",157.11,0.38,1.57,"5,615.93",,0,,Algeria,"116,400.07",718.42,"4,317.89",143.26,0.4,1.5,"5,580.51",0,0
American Samoa,"242,203.47","1,698.59","48,409.87",0,"1,040.53",35.76,582.27,,121.68,,American Samoa,0,0,109.74,0,0,0,0,0,133.03
Andorra,28.58,0.06,0,0,0,0,0,,0,,Andorra,0,0,62.38,0,0,0,0,0,0
Angola,"282,581.85","4,207.70","664,315.45","13,881.11","5,387.66",672.17,"28,347.68",,"21,679.42",,Angola,"717,505.59","1,172,228.03","682,197.68","9,094.41","7,449.26",794.12,"28,143.71","7,039.14","24,122.74"
Anguilla,"31,009.56",1.09,"1,207.82",0,0,0,0,,0,,Anguilla,0,0,0,0,0,0,0,0,0
Antigua and Barbuda,"8,013.65",0.07,656.78,0.05,0,0,19.5,,0,,Antigua and Barbuda,179.54,0,449.37,0.05,0,0,20.37,0,0
Argentina,"35,133.00",37.79,"90,351.03",203.11,733.32,1.44,0,,0,,Argentina,"50,967.12",100,"88,539.27",192.65,734.88,1.42,0,0,0
Armenia,"9,699.01",1,"6,619.58",1.22,0.08,0,0,,0,,Armenia,"11,247.64",0,"1,371.32",1.01,0.07,0,0,0,0
Aruba,"2,214.69",0,2.58,0,0,0,0,,0,,Aruba,0,0,0,0,0,0,0,0,0
Australia,"40,639.01",80.48,"8,574.60",0,0,0,0,,0,,Australia,"4,228.52",0,"5,556.69",0,0,0,0,0,0
Austria,"2,045.14",2.24,"3,843.56",0,0,0,0,,0,,Austria,"2,925.82",0,"3,808.71",0,0,0,0,0,0
Azerbaijan,"37,476.10",12.16,"7,762.07",29.04,0.09,0,0,,0,,Azerbaijan,"67,024.34",0,"2,583.98",20.4,0.09,0,0,0,0
Bahamas,"1,184,430.84","9,527.61",499.54,"5,673.26","2,623.51",269.43,0,,492.56,,Bahamas,0,0,0,0.13,0,0,0,0,0
Bahrain,"1,198.85",0.6,"3,589.74",0,0.01,0,0,,0,,Bahrain,"1,001.21",0,820.21,0,0.01,0,0,0,0
Bangladesh,"1,231,981.86","191,646.00","12,814.99","57,552.27","38,272.09","10,803.15",0,,"126,079.52",,Bangladesh,"1,068,324.13","9,500.00","15,000.84","50,428.98","34,515.94","10,140.48",0,0,"23,380.02"
Barbados,"3,755.40",0.31,"2,072.88",0,0,0,0,,0,,Barbados,493.58,0,"1,207.59",0,0,0,0,0,0
Belarus,"33,525.43",28.47,"13,065.06",0,0,0,0,,0,,Belarus,"48,093.62",0,"20,198.61",0,0,0,0,0,0
Belgium,"101,851.67","1,113,542.31","9,633.66",0,0,0,724.42,,11.47,,Belgium,"4,811.46",0,"4,579.95",0,0,0,0,0,0
Belize,544.3,106.88,"9,661.12",12.16,8.74,0.1,0,,0,,Belize,404.37,119.6,"4,739.88",9.8,5.22,0.07,0,0,0
Benin,"82,135.39","987,389.75","150,485.30","3,214.19",660.14,0.45,"43,694.77",,"8,714.86",,Benin,"162,491.76","777,802.33","148,701.09","2,850.96",702.2,0.48,"37,874.11",452.87,"6,883.03"
Bermuda,"71,508.65",47.74,"2,607.52",0,25.79,0,0,,0,,Bermuda,0,0,388.58,0,0,0,0,0,0
Bhutan,"4,924.34",785.32,"1,764.96",79.53,8.65,0.29,0,,0,,Bhutan,"6,887.71",700,"1,616.30",48.77,8.38,0.27,0,0,0
Bolivia,"73,311.25","1,609.15","60,820.92",633.18,"1,756.42",34.52,0,,0,,Bolivia,"50,571.27",357.91,"28,269.27",490.88,"2,217.68",34.49,0,0,0
"Bonaire, Saint Eustatius and Saba","19,250.08","5,107.26","9,417.20",0,0,0,85.05,,0,,"Bonaire, Saint Eustatius and Saba",0,0,0,0,0,0,0,0,0
Bosnia and Herzegovina,"333,766.14",444.87,"30,552.55",0,0,0,"4,569.38",,0,,Bosnia and Herzegovina,"8,343.42",0,155.42,0,0,0,0,0,0
Botswana,"18,661.80","10,480.60","232,000.80",20.87,477.99,95.55,"2,846.63",,0,,Botswana,"89,366.82","12,590.79","374,473.87",17.74,478.38,96.13,"3,294.50",0,0
Brazil,"271,406.21","15,091.60","993,331.86","7,233.14","8,169.70","2,550.35","125,760.32",,218.16,,Brazil,"471,894.12","19,062.47","803,500.44","6,710.30","7,665.10","2,464.51","112,319.62",37.93,38.3
British Virgin Islands,"11,261.04",0,0.66,0,0,0,0,,0,,British Virgin Islands,0,0,0,0,0,0,0,0,0
Brunei Darussalam,"195,325.97","1,637,021.81","3,642.14",0.24,0,0,"10,169.26",,262.35,,Brunei Darussalam,610.64,0,0,0.22,0,0,0,0,0
Bulgaria,"471,140.75","175,418.64","22,566.68",0,"1,144.58",12.95,797.12,,0,,Bulgaria,"9,583.16",0,"2,574.43",0,0,0,0,0,0
Burkina Faso,"400,606.20","3,425,483.80","372,520.81","6,753.38","1,321.85",0.22,"51,504.58",,"32,307.82",,Burkina Faso,"387,528.94","2,692,596.76","253,354.60","6,536.57","1,361.14",0.22,"17,900.95",0,"19,319.22"
Burundi,"542,880.28","2,758,196.25","716,218.51","253,323.57","5,690.84",426.88,"21,453.37",,106.35,,Burundi,"640,119.28","1,159,271.59","246,001.89","3,457.26","10,745.71",193.04,"16,572.71","12,132.84",0
Cambodia,"187,327.11","108,689.00","82,274.85",418.02,193.04,0,"12,310.55",,454.22,,Cambodia,"251,864.73","64,552.17","101,351.96",235.44,67.64,0,"12,277.55",0,830.38
Cameroon,"166,956.95","1,777,879.95","1,548,030.68","28,368.13","4,496.09","2,018.99","56,096.64",,"30,613.69",,Cameroon,"368,815.81","1,927,321.60","1,610,670.25","53,474.63","5,122.93","1,864.74","40,676.75","87,841.97","26,829.93"
Canada,"4,034.36",115.87,"32,963.31",0,0,0,0,,0,,Canada,"6,825.33",0,"22,113.49",0,0,0,0,0,0
Cape Verde,"177,132.98","248,272.89","27,455.76",0.64,114.79,0.51,19.07,,19.07,,Cape Verde,"3,407.80",0,"7,106.74",0.45,0.88,0,0,0,0
Cayman Islands,"193,031.46","611,273.70","37,146.26",0,846.77,0,"1,111.76",,48.84,,Cayman Islands,0,0,0,0,0,0,0,0,0
Central African Republic,"162,232.37","512,419.00","489,346.69","6,695.56","2,210.69",39.11,"4,638.14",,"9,351.99",,Central African Republic,"284,527.96","354,786.54","485,034.67","6,166.43","2,749.29",41.63,"4,224.99","24,178.41","9,963.37"
Chad,"2,122,066.36","941,893.08","539,755.46","6,257.48","4,191.14",0.22,"25,886.26",,"12,226.84",,Chad,"440,103.72","1,018,939.55","636,683.21","5,981.62","6,707.24",0.24,"30,145.62","12,670.53","13,708.89"
Chile,"14,689.90",5.02,"31,277.63",318.15,0.16,11.89,0,,0,,Chile,"28,104.39",0,"26,752.77",314.53,0.12,11.44,0,0,0
China,"1,732,860.00","11,717.30","1,751,701.14","9,505.75","34,728.69","2,068.43","48,561.28",,0,,China,"3,430,310.51","11,891.43","1,115,939.55","7,414.47","30,865.03","1,915.42","34,174.36",0,0
"China, Hong Kong SAR","61,823.01",118.57,"2,466.96",0,0,0,0,,0,,"China, Hong Kong SAR",0,0,0,0,0,0,0,0,0
"China, Macao SAR","11,373.78","16,296.63",0.15,74.16,78.54,10.74,0,,8.72,,"China, Macao SAR",0,0,0,0,0,0,0,0,0
Colombia,"111,459.95","120,896.10","503,576.81","6,238.63","5,992.69","1,879.74",573.67,,67.88,,Colombia,"96,003.28","37,895.01","152,019.04","5,930.99","5,185.68","1,797.85",0,0,0
Comoros,"10,215.30","34,835.70",14.26,160.92,201.38,163.46,0,,"1,067.22",,Comoros,"24,020.79","19,089.11","1,291.65",234.61,304,186.46,0,0,"1,115.85"
Congo,"60,974.26","291,255.06","244,663.76","2,188.65","1,195.77",652.14,"10,593.68",,"7,843.01",,Congo,"100,446.47","177,060.96","250,160.72","2,037.00","1,291.47",715.72,"10,264.98","1,688.86","5,075.44"
Cook Islands,"265,616.68","1,026,903.83","200,558.68",0,0,2.96,"10,247.53",,69.35,,Cook Islands,0,0,0,0,0,0,0,0,0
Costa Rica,"6,122.32",2.92,"8,835.85",191.83,313.82,24.41,0,,0,,Costa Rica,"4,200.30",0,"8,205.92",178.4,316.01,23.3,0,0,0
Cote dlvoire,"264,709.32","2,301,580.00","1,201,116.97","8,394.07","6,287.90",307.09,"81,732.88",,"29,017.49",,Cote dlvoire,"511,987.45","1,653,602.97",0,"10,384.94","6,528.54",328.04,"82,797.00",0,"31,372.61"
Croatia,"3,537.04",3.51,977.07,0,0,0,0,,0,,Croatia,"4,325.04",0,339.83,0,0,0,0,0,0
Cuba,"3,410.74",8.48,"21,118.15",615.36,906.1,24.32,0,,0,,Cuba,"3,406.84",0,"19,318.67",595.79,891.21,23.21,0,0,0
CuraASao,"3,803.76",0,0.14,0,0,0,0,,0,,CuraASao,0,0,0,0,0,0,0,0,0
Cyprus,"193,701.84",1.9,587.52,0,0,0,0,,0,,Cyprus,188.05,0,299.22,0,0,0,0,0,0
Czech Republic,"1,978,526.75","4,154,694.47","71,086.31",0,152.78,11.18,"10,424.72",,24.3,,Czech Republic,"3,639.64",0,830.8,0,0,0,0,0,0
Democratic People's Republic of Korea,"175,285.14",31.99,"9,304.04",824.02,0.31,0,0,,0,,Democratic People's Republic of Korea,"225,092.05",100,0,674.03,0.31,0,0,0,0
Democratic Republic of the Congo,"1,766,617.35","8,244,236.27","2,734,379.94","70,452.73","21,890.34","3,999.05","180,088.94",,"23,384.44",,Democratic Republic of the Congo,"3,024,472.96","4,407,788.09","1,900,884.21","72,147.56","30,397.33","4,770.01","197,954.49","544,782.13","24,679.78"
Denmark,"1,108.66",1.7,"2,875.05",0,0,0,0,,0,,Denmark,"1,795.38",0,"1,979.52",0,0,0,0,0,0
Djibouti,"34,266.07","12,312.80","60,405.81",54.31,45.99,62.86,414.08,,0.02,,Djibouti,"29,317.86","27,800.00","46,421.33",43.5,40.94,62.84,387.39,0,0
Dominica,"43,026.14",42.97,"1,870.50",0.13,0.01,0,0,,0,,Dominica,164.53,0,319.79,0.12,0.01,0,0,0,0
Dominican Republic,"113,426.32",755.65,"99,719.12",24.28,0.19,0,"42,009.02",,409.85,,Dominican Republic,"33,382.40","1,001.96","223,861.48",20.99,0.16,0,"1,286.76",0,204.81
Ecuador,"43,755.30","1,660.47","83,788.82","2,328.78",372.67,"1,516.62",0,,0,,Ecuador,"75,838.65","2,334.64","46,407.30","2,128.62",290.35,"1,457.38",0,0,0
Egypt,"89,518.51","22,503.92","23,718.88",430.6,"1,662.96",1.2,"149,405.27",,523.41,,Egypt,"70,205.40",509.62,"6,628.96",407.29,"1,676.23",1.22,"62,512.87",0,527.48
El Salvador,"122,799.62","2,946.40","31,103.21",55.61,313.94,12.61,40.51,,0.02,,El Salvador,"6,992.92",0,"9,642.64",38.44,173.57,7.96,0,0,0
Equatorial Guinea,"8,247.71","56,109.00","65,338.77",448.02,161.95,120.33,557.02,,"1,121.40",,Equatorial Guinea,"11,312.65","63,404.45","78,128.15",383.29,168.05,129.84,591.79,"1,478.77","1,182.48"
Eritrea,"2,267,890.59","396,048.71","205,955.26",673.32,509.17,68.31,"6,001.17",,165.94,,Eritrea,"236,737.75","152,215.17","63,971.47",578.08,111.52,36.86,"4,227.78",0,181.9
Estonia,"3,889.05",4.33,"13,550.28",0.02,0,0,0,,5.24,,Estonia,"2,866.38",0,"2,268.19",0.01,0,0,0,0,0
Ethiopia,"1,755,546.82","2,609,710.00","1,317,544.97","29,160.58","14,732.71","4,618.16","220,079.40",,"1,086.30",,Ethiopia,"3,685,416.14","1,941,917.05","1,707,784.54","20,519.08","15,052.71","4,898.51","215,127.81","28,517.97","1,138.89"
Fiji,"28,560.04",27.3,"1,150.36",123.16,253.47,20.39,0,,"1,215.90",,Fiji,"2,673.70",0,582.48,120.11,249.62,20.54,0,0,282.56
Finland,"1,475.37",1.69,"1,224.48",0,0,0,0,,0,,Finland,"2,398.30",0,459.32,0,0,0,0,0,0
France,"32,957.07","31,393.23","50,214.59",0,74.94,17.56,127.39,,1.64,,France,"37,113.65",0,"23,698.16",0,0,0,0,0,0
French Polynesia,"16,549.64","32,440.96","2,401.67",0,0,0,371.6,,5.92,,French Polynesia,0,0,0,0,0,0,0,0,0
Gabon,"30,534.30","78,300.70","118,002.37",713.34,363.55,302.14,"3,066.48",,"1,205.01",,Gabon,"45,062.23","81,147.77","86,282.16","1,457.59",477.59,342.26,"3,288.12",0,"1,325.94"
Gambia,"33,867.85","77,000.00","46,929.15",160.01,103.46,0.18,"5,378.47",,"2,142.64",,Gambia,0,0,0,131.43,109.85,0.2,"6,276.19",0,"2,224.26"
Georgia,"169,126.75","915,796.41","77,731.96",0,0.04,0,"1,876.24",,126.83,,Georgia,"18,281.48",0,"2,304.87",0,0,0,0,0,0
Germany,"18,092.53",27.25,"29,224.62",0,0,0,0,,0,,Germany,"22,823.94",0,"30,404.56",0,0,0,0,0,0
Ghana,"154,694.59","1,548,960.00","886,553.78","2,895.57","1,243.12",2.92,"50,239.32",,"21,374.72",,Ghana,"255,694.65","1,535,291.49","932,363.25","2,409.60","1,285.39",3.13,"41,967.04",0,"8,655.40"
Greece,"2,655.57",4.3,"26,838.93",0,0,0,0,,0,,Greece,"6,811.23",0,"2,626.97",0,0,0,0,0,0
Greenland,64,0,85.58,0,0,0,0,,0,,Greenland,"54,290.70",0,77.26,0,0,0,0,0,0
Grenada,"47,977.95",81.66,"5,434.60",1.26,15.43,0.02,0,,0,,Grenada,191.56,0,455.78,1.2,14.5,0.02,0,0,0
Guam,"162,784.97","583,213.35","18,198.52",0.88,"3,430.02",6.76,"1,904.16",,32.26,,Guam,0,0,254.74,0.83,0.02,0,0,0,0
Guatemala,"74,842.44","266,963.54","99,025.12","2,141.97","6,346.58","1,195.70",212.8,,25.64,,Guatemala,"32,744.22","6,437.36","34,255.04","1,711.00","4,920.67","1,044.51",0,0,0
Guinea,"137,220.73","1,455,494.35","204,853.79","12,000.58","4,138.20",104.24,"32,894.73",,"11,757.22",,Guinea,"268,667.49","1,449,864.99","294,779.49","10,673.86","12,739.66",123.52,"35,874.10",0,"12,549.40"
Guinea-Bissau,"235,656.88","261,426.00","46,699.31","1,340.84",352.1,1.51,"4,383.07",,"3,470.45",,Guinea-Bissau,"54,503.59","376,824.29","121,880.01",966.91,303.14,1.23,"4,513.27",0,"3,439.97"
Guyana,"21,430.73",706.24,"23,620.51",35.5,23.32,255.55,0,,"1,570.13",,Guyana,"3,111.24",543.13,"12,018.51",28.75,20.45,3.87,0,0,"1,527.08"
Haiti,"188,700.07","45,104.60","113,932.69","1,250.44",213.14,11.33,0,,"32,396.97",,Haiti,"151,084.56","21,100.00","462,941.65",861.9,163.88,8.51,0,0,"28,410.74"
Honduras,"15,627.76","1,109.86","70,453.67",932.75,255.66,916.08,0,,0,,Honduras,"14,451.02","3,580.06","21,008.04",839.23,238.75,985.64,0,0,0
Hungary,"16,803,410.91","213,540.59","77,813.82",0,0,0,0,,"1,604.03",,Hungary,"7,676.91",0,"1,347.84",0,0,0,0,0,0
Iceland,"6,114,592.77",0.1,"38,547.52",0,0,0,0,,0,,Iceland,0,0,96.55,0,0,0,0,0,0
India,"15,607,736.02","2,562,857.03","9,266,214.06","120,208.53","99,815.25","9,750.03",0,,"410,851.80",,India,"38,904,214.33","5,569,000.00","6,550,337.86","106,932.81","97,428.92","9,758.13",0,0,"293,622.88"
Indonesia,"5,911,493.38","754,550.00","650,612.47","29,752.84","11,341.64","1,605.43",673.28,,"248,934.97",,Indonesia,"6,214,616.65","188,000.00","466,365.98","23,960.85","11,551.38","1,540.55",474.92,0,"189,507.29"
Iran,"61,888.99",290.87,"114,607.34",143.16,126.86,0,270.18,,0,,Iran,"85,113.80",818.44,"20,255.37",130.23,120.44,0,263.84,0,0
Iraq,"62,896.16",46.8,461.89,75.2,1.36,0.01,"4,938.40",,0,,Iraq,"88,500.60",100,"12,291.55",69.43,1.4,0.02,"5,287.52",0,0
Ireland,"15,781.77",1.74,"1,745.05",0,0,0,0,,0,,Ireland,"1,805.31",0,935.82,0,0,0,0,0,0
Israel,"2,018.06",3.35,"7,770.96",0,0,0,0,,0,,Israel,"1,785.38",0,"2,860.66",0,0,0,0,0,0
Italy,"143,730.82",15.02,"55,332.78",0,0,0,0,,0,,Italy,"20,104.95",0,"48,140.84",0,0,0,0,0,0
Jamaica,"4,043.30",2.32,"57,496.15",410.75,148.15,154.6,0,,0,,Jamaica,"2,557.13",0,"7,854.62",382.75,133.35,133,0,0,0
Japan,"215,400.34",9.94,"9,237.20",0,0,0,52.42,,0,,Japan,"118,406.64",0,"9,511.33",0,0,0,0,0,0
Jordan,"511,525.25","841,380.37","371,913.78",322.08,75.69,4.48,"2,197.50",,0.08,,Jordan,"1,983.71",0,373.07,348.25,80.74,4.64,193.17,0,0
Kazakhstan,"130,335.95",4.84,"33,762.37","1,344.50",0.22,0,0,,0,,Kazakhstan,"200,689.17",0,"18,556.80","1,443.64",0.22,0,0,0,0
Kenya,"497,993.96","1,600,800.00","3,000,991.03","3,128.91","2,588.72",148.19,"63,380.62",,778.43,,Kenya,"1,446,804.86","846,409.28","2,999,867.18","2,712.18","2,643.49",156.49,"67,486.42",0,924.28
Kiribati,"22,677.97",2.79,594.05,0.97,9.68,0.8,0,,0,,Kiribati,"1,340.92",0,27.96,0.79,8.89,0.79,0,0,0
Kuwait,"93,736.42","3,085.12","3,469.62",0,0,14.78,137.29,,0.12,,Kuwait,"2,646.09",0,278.12,0,0,0,0,0,0
Kyrgyzstan,"42,061.32",9.3,"40,357.36",637.82,0.06,0,0,,0,,Kyrgyzstan,"50,727.56",0,"13,799.64",669.82,0.07,0,0,0,0
Lao People's Democratic Republic,"89,743.38","40,270.10","14,198.31","5,461.48",764.66,447.8,"2,469.84",,276.75,,Lao People's Democratic Republic,"108,628.79","8,316.71",0,"4,395.80",683.43,409.92,"1,506.24",0,228.14
Latvia,"81,582.07",6.48,"98,988.65",0.08,161.15,186.09,0,,0,,Latvia,"5,460.76",0,"6,217.89",0.05,0,0,0,0,0
Lebanon,"106,213.21","733,358.78","17,421.11",0.38,7.72,0.34,854.06,,177.39,,Lebanon,"2,837.83",0,"1,684.23",0.34,0.04,0,1.27,0,0
Lesotho,"93,976.00",10.36,"680,486.65",200.98,498.38,970.61,0,,0,,Lesotho,"309,855.61",0,"623,155.65",172.36,617.5,"1,050.17",0,0,0
Liberia,"106,131.10","540,045.00","116,742.82","2,384.01","1,793.12",128.47,"12,686.83",,"12,070.71",,Liberia,"111,038.74","464,172.08","127,126.05","2,147.24","2,807.48",156.17,"13,461.71","47,219.87","10,241.55"
Libya,"8,032.46",1.78,"7,217.50",16.71,0.08,1.61,"7,596.24",,0,,Libya,"5,715.20",0,"2,521.65",13.52,0.06,1.47,"7,257.78",0,0
Lithuania,"250,607.58","159,929.52","3,636.73","7,451.77",266.75,321.17,"1,240.07",,127.92,,Lithuania,"14,679.69",0,"2,924.93",0.08,0,0,0,0,0
Luxembourg,"282,782.77","851,199.97","207,768.67",0,0,0,637.19,,430.72,,Luxembourg,188.05,0,204.88,0,0,0,0,0,0
Madagascar,"246,913.34","788,311.60","208,404.90","26,982.25","3,344.83","6,803.09","39,064.34",,"24,192.62",,Madagascar,"374,968.22","412,109.05","124,992.78","32,229.97","2,720.01","5,897.56","37,295.17",0,"23,983.77"
Malawi,"272,270.59","1,146,980.00","2,631,095.29","3,060.69","1,095.58",9.35,"33,590.26",,"22,763.33",,Malawi,"689,808.54","533,974.32","2,505,994.21","2,483.64",915.4,7.79,"23,789.31","4,813.48","21,443.87"
Malaysia,"247,357.54","1,345,544.76","238,698.93","7,033.48","6,533.80",767.99,"1,429.53",,113.74,,Malaysia,"127,624.71","14,005.16","84,632.46","6,860.88","5,388.84",690.25,0,0,102.24
Maldives,538.91,2.56,103.58,0.11,0,0,0,,0,,Maldives,574.68,0,43.13,0.07,0,0,0,0,22.26
Mali,"180,478.86","3,225,830.00","333,827.16","3,184.48","2,383.71",0.12,"34,798.01",,"37,387.63",,Mali,"265,785.35","3,730,894.38","288,332.94","2,635.47","2,026.19",0.1,"21,062.65",0,"34,901.77"
Malta,"36,836.38","48,110.19","1,320.60",0,0,0,279.48,,0,,Malta,0,0,129.78,0,0,0,0,0,0
Marshall Islands,"1,158.81",1.99,379.84,1.43,22.98,0.37,0,,0,,Marshall Islands,405.28,0,101.22,1.22,27.46,0.38,0,0,15.89
Mauritania,"193,585.01","108,358.27","66,559.41",114.18,97.14,2.39,"6,803.15",,83.4,,Mauritania,"64,555.63","167,697.57","32,062.99",91.69,102.08,2.5,"6,664.09",0,93.17
Mauritius,"1,574.38",9.83,"23,976.07",0.58,0.01,0,"1,152.40",,0.03,,Mauritius,"1,119.51",0,"5,023.58",0.42,0.01,0,"1,196.80",0,0
Mexico,"130,755.00",113.41,"253,760.01","5,390.87",26.95,"6,442.94",0,,0,,Mexico,"194,378.32",100,"287,441.78","5,005.67",22.56,"6,247.48",0,0,0
Micronesia (Federated States of),"32,550.71",4.14,36.5,22.62,10.84,0.42,0,,25.07,,Micronesia (Federated States of),0,0,0,21.13,9.28,0.4,0,0,53.42
Monaco,326.98,0,0.88,0,0,0,0,,0,,Monaco,0,0,0,0,0,0,0,0,0
Mongolia,"25,608.40",0.96,"1,066.07",0,0.04,0,0,,0,,Mongolia,"51,850.26",0,159.91,0,0.05,0,0,0,0
Montenegro,"259,099.40",0.53,"1,654.49",0.16,0,0,0,,0,,Montenegro,382.02,0,54.22,0.11,0,0,0,0,0
Montserrat,"538,243.47","1,892,172.50","290,457.02",0,473.61,151.84,288.5,,230.06,,Montserrat,0,0,0,0,0,0,0,0,0
Morocco,"1,364,661.12","60,935.43","104,558.55",433.43,0.29,64.47,"2,864.39",,183.19,,Morocco,"205,187.75",400,"20,889.17",400.15,0.34,64.31,"2,969.81",0,0
Mozambique,"582,407.80","3,366,805.19","3,888,521.53","19,063.72","8,332.19","8,104.03","25,775.31",,"44,335.17",,Mozambique,"1,043,357.31","3,535,184.84","5,189,633.17","15,046.15","13,791.67","9,594.70","23,105.53",0,"41,955.20"
Myanmar,"1,122,430.00","1,225,710.00","1,098,668.52","7,744.98",806.53,"3,786.04",0,,"73,183.63",,Myanmar,"1,499,869.38","553,700.00","473,899.60","4,956.92",490.17,"2,553.17",0,0,"57,579.34"
Namibia,"482,421.95","26,577.75","265,988.49",325.65,"1,825.01",73.63,"1,522.84",,177.84,,Namibia,"179,620.69","18,196.13","310,446.62",14.05,688.07,6.03,"1,658.96",0,0
Nauru,"3,971.45",0,16.95,0,0,0,0,,0,,Nauru,0,0,0,0,0,0,0,0,0
Nepal,"359,659.00","30,423.00","217,743.66","2,939.61","12,245.97","1,639.81",0,,"30,099.50",,Nepal,"527,231.63","23,800.00","86,558.75","2,465.36","13,133.27","1,639.68",0,0,"23,759.88"
Netherlands,"3,951.89",5.52,"5,213.59",0,0,0,0,,0,,Netherlands,"4,791.42",0,"4,219.40",0,0,0,0,0,0
New Caledonia,"18,461.72",29.35,687.99,0,0,0,0,,0,,New Caledonia,0,0,0,0,0,0,0,0,0
New Zealand,"298,815.39","790,575.77","11,540.01",0,0,0,113.68,,0,,New Zealand,"1,012.73",0,853.06,0,0,0,0,0,0
Nicaragua,"2,328,979.16","20,754,451.17","431,027.59",196.82,11.05,40.46,"23,328.37",,0,,Nicaragua,"14,018.79",812.52,"4,273.05",147.15,6.16,27.31,0,0,0
Niger,"277,628.00","2,053,540.00","181,019.31","4,011.56",530.24,0,"22,823.28",,"11,209.69",,Niger,"430,291.19","2,694,360.43","224,586.06","3,710.49",478.37,0,"14,383.30",0,"9,916.06"
Nigeria,"1,936,960.00","25,052,500.00","9,011,591.94","155,150.34","19,915.90",453.2,"367,922.87",,"242,127.33",,Nigeria,"3,251,728.13","31,559,002.33","10,544,359.05","152,225.71","20,372.71",485.4,"356,862.32","183,163.94","257,452.30"
Niue,990.17,0,1.28,0,0,0,0,,0,,Niue,0,0,0,0,0,0,0,0,0
Northern Mariana Islands,"2,791.62",0,86.59,0,0.03,0,0,,0,,Northern Mariana Islands,0,0,213.9,0,0.02,0,0,0,0
Norway,"2,798,425.42","43,293.10","1,607.70",0,0,0,0,,0,,Norway,"1,582.49",0,835.85,0,0,0,0,0,0
Oman,"2,517.47",2.4,991.88,1.14,0.04,0,71.8,,0,,Oman,"2,842.04",0,"1,044.79",1.12,0.04,0,98.31,0,0
Pakistan,"2,461,164.51","214,334.61","202,409.09","17,918.63","1,416.22",28.09,0,,0,,Pakistan,"3,108,471.83","211,394.43","82,143.80","17,502.19","1,432.46",28.87,0,0,0
Palau,"135,455.04","4,801.58","8,088.32",0,61,0,0,,0,,Palau,0,0,0,0,0,0,0,0,0
Panama,"21,680.20",785.11,"45,720.16",111.85,0.06,0,0,,0,,Panama,"15,730.32","1,552.28","27,802.05",104.04,0.03,0,0,0,0
Papua New Guinea,"243,282.07","120,931.54","88,615.39","5,160.18","8,647.61",0,0,,"15,916.26",,Papua New Guinea,"52,796.06","108,100.00","40,803.37","4,764.93","10,984.40",0,0,0,"17,899.69"
Paraguay,"1,386,420.78",757.48,"25,333.11",189.63,"1,251.03",87.74,"7,712.50",,148.4,,Paraguay,"21,654.38",0,"5,280.84",168.19,333.87,5.49,0,0,0
Peru,"137,082.56","1,272.50","130,994.42","1,134.69",170.82,992.86,0,,0,,Peru,"171,719.06","1,913.46","17,162.84",995.33,151.64,899.33,0,0,0
Philippines,"1,246,245.48","49,318.90","19,341.95","19,358.25","21,034.26","5,563.23","61,667.62",,"55,452.14",,Philippines,"1,957,575.71","50,110.00","251,558.95","16,841.87","17,874.91","5,419.06","58,827.08",0,"36,379.95"
Poland,"32,492.70",31.86,"12,075.66",0.83,0,0,0,,0,,Poland,"53,217.25",0,"7,489.53",0.62,0,0,0,0,0
Portugal,"11,194.68",3.25,"42,768.24",0,0,0,0,,0,,Portugal,"12,348.91",0,"37,869.09",0,0,0,25.27,0,0
Puerto Rico,"132,978.01",1.63,584.53,0,0,0,157.55,,0,,Puerto Rico,0,0,"12,885.01",0,0,0,130.93,0,0
Qatar,"20,462.10",207.74,"2,092.72",0,0.01,0,0,,0,,Qatar,957.8,0,220.97,0,0.01,0,0,0,0
Republic of Korea,"209,094.93",27.66,"22,189.93",0,0.52,0,0,,"12,680.19",,Republic of Korea,"184,038.61",102.66,0,0,0.45,0,0,0,0
Republic of Moldova,"1,032,371.97",14.11,"43,740.79",0.39,0,0,0,,0,,Republic of Moldova,"27,605.29",0,0,0.28,0,0,0,0,0
Romania,"255,829.89","74,852.16","46,163.96","4,257.43","5,416.43",99.14,214.96,,0,,Romania,"84,643.83",0,"7,650.67",1.76,0,0,0,0,0
Russia,"920,069.00",447.09,"2,371,549.56",0,0,0,0,,0,,Russia,"1,118,836.42",0,"946,646.90",0,0,0,47.66,0,0
Rwanda,"170,820.89","627,201.00","286,851.04","5,131.19","4,180.69",640.54,"11,511.82",,0,,Rwanda,"313,236.35","333,953.45","300,669.51","4,323.81","9,013.33",951.88,"10,221.15",0,0
Saint Kitts and Nevis,86.81,0,231.31,0,0,0,0,,0,,Saint Kitts and Nevis,0,0,0,0,0,0,0,0,0
Saint Lucia,622.77,0.15,926.53,5.47,19.59,1.59,28.68,,0,,Saint Lucia,383.12,0,467.44,5.19,17.6,1.5,28.87,0,0
Saint Vincent and the Grenadines,86.99,0.09,"1,263.82",1.34,13.08,0.02,0,,0,,Saint Vincent and the Grenadines,191.56,0,"1,159.64",1.22,12.68,0.02,0,0,0
Samoa,896.24,589.26,14.64,1.91,3.88,0,5.48,,163.31,,Samoa,574.68,0,279.2,1.56,3.35,0,0,0,98.64
San Marino,"39,997.74",201,0,0,0,0,0,,0,,San Marino,0,0,0,0,0,0,0,0,0
Sao Tome and Principe,"160,724.54","60,776.60","3,575.00",72.87,36.79,27.92,"3,260.20",,422.07,,Sao Tome and Principe,"1,158.15","6,700.27","1,539.07",68.76,38.79,29.39,182.76,0,463.62
Saudi Arabia,"42,701.22",865.9,"9,278.20",75.01,526.89,0.06,479.31,,0,,Saudi Arabia,"51,605.27","1,737.40","13,600.97",60.74,505.81,0.06,461.25,0,0
Senegal,"136,924.51","653,870.00","121,946.30","1,367.14",492.16,60.22,"43,189.85",,"8,577.34",,Senegal,"280,801.89","555,596.01","127,924.01","1,110.60",520.55,66.63,"32,096.18",0,"10,424.90"
Serbia,"118,512.81","911,883.04","22,981.04",0.82,0,0,42.27,,0,,Serbia,"8,938.19",0,490.4,0.63,0,0,0,0,0
Seychelles,"4,080.57",0.88,474.03,3.85,16.76,18.64,0,,0,,Seychelles,190.43,0,435.27,3.86,15.06,19.18,0,0,0
Sierra Leone,"104,261.00","675,786.00","131,187.27","7,354.46","2,033.50",254.47,"5,659.54",,"7,020.29",,Sierra Leone,"173,085.51","1,307,310.63","160,310.29","6,095.53","1,730.17",221.18,"3,500.51","19,560.99","6,177.43"
Singapore,"5,586.54",0.67,"3,104.27",0,0,0,0,,0,,Singapore,"4,452.91",0,"2,419.36",0,0,0,0,0,0
Sint Maarten (Dutch part),861.92,0,0.33,0,0,0,0,,0,,Sint Maarten (Dutch part),0,0,0,0,0,0,0,0,0
Slovakia,"9,266.06",667.59,373.65,0.28,57.98,4.55,0,,0,,Slovakia,"2,953.67",0,176.1,0.24,0,0,0,0,0
Slovenia,"311,387.84","69,512.44","1,752.44",0,172.86,5.55,"1,338.82",,0,,Slovenia,"1,147.81",0,91.16,0,0,0,0,0,0
Solomon Islands,"780,133.35","7,113.05","153,954.62",38.9,296.56,43.55,852.1,,0,,Solomon Islands,"8,237.07","3,042.44",807.04,32.65,345.58,47.12,0,0,0
Somalia,"256,527.71","959,273.67","266,099.56","2,630.35","3,998.80","1,291.29","17,559.74",,0,,Somalia,"659,347.87","506,338.67","127,978.97","2,551.92","5,606.97","1,450.86","19,209.12",0,0
South Africa,"898,058.64","17,351.80","11,916,155.30","2,145.78","11,859.50","7,421.23","45,344.39",,0,,South Africa,"1,759,872.18","23,856.23","14,136,403.82","1,970.02","10,832.34","7,122.81","45,177.87",0,0
South Sudan,"308,485.73","286,669.37","551,600.03","7,659.26","1,423.15",4.17,"16,228.15",,"2,485.45",,South Sudan,"366,009.22","305,482.89","662,491.67","7,188.79","1,552.10",4.68,"18,708.98","83,529.06","2,652.67"
Spain,"322,436.71","1,440,073.03","67,704.76",0,0,0,401.19,,1.99,,Spain,"24,026.54",0,"56,874.39",0,0,0,0,0,0
Sri Lanka,"50,102.97","2,430.57","11,418.38",368.87,874.86,142.53,0,,"8,991.06",,Sri Lanka,"88,990.68",900,"3,858.69",319.7,826.41,140.25,0,0,"4,078.55"
Sudan,"300,560.70","1,145,656.97","915,044.00","1,591.85","4,100.84",29.56,"21,056.61",,"2,341.43",,Sudan,"192,958.87","438,262.74","164,516.16","1,390.19","3,965.14",13.42,"19,352.38",0,"2,551.14"
Suriname,"1,114.52",552.17,"14,826.99",6.31,32.34,0,481.89,,0,,Suriname,"1,298.10",110.59,"4,079.02",5.08,26.16,0,499.4,0,0
Swaziland,"30,330.12","1,000.00","361,454.29",180.48,797.88,291.25,958.73,,0,,Swaziland,"105,742.97","11,900.00","378,102.89",163.06,"1,224.23",351.3,918.65,0,0
Sweden,"29,707.10",0,"1,943.24",0,0,0,0,,0,,Sweden,"3,170.31",0,"1,705.12",0,0,0,0,0,0
Switzerland,"39,895.86",15.73,"7,789.87",0,0,0,0,,0,,Switzerland,"2,542.27",0,"3,360.75",0,0,0,0,0,0
Syrian Arab Republic,"530,345.52","4,443,339.84","434,670.70","1,054.60","1,770.41",26.67,"13,479.51",,66.7,,Syrian Arab Republic,"8,302.90",800,0,994.85,253.74,13.59,"2,647.70",0,0
Tajikistan,"367,965.69","1,993.51","133,661.67",64.05,0.05,0,0,,0,,Tajikistan,"69,966.27","1,196.02","5,258.86",67.77,0.13,0,0,0,0
Tanzania,"526,520.18","3,216,420.00","4,674,416.91","24,581.02","18,925.22","1,290.56","153,080.51",,"44,776.04",,Tanzania,"1,722,955.11","3,115,963.00","3,757,746.61","20,327.33","28,369.29","1,473.15","130,143.61","17,379.38","41,158.67"
Thailand,"312,853.48","24,000.00","1,123,299.96",482.33,"5,598.78",11.8,0,,173.75,,Thailand,"410,692.55","16,200.00","634,835.99",350.96,"5,026.40",10.76,0,0,65.49
The Former Yugoslav Republic of Macedonia,"133,736.61","147,847.69","16,187.26",0.23,0,0,"2,898.20",,0,,The Former Yugoslav Republic of Macedonia,"2,768.33",0,0,0.27,0,0,0,0,0
Timor-Leste,0,0,0,183.52,69.22,8.4,0,,"3,513.91",,Timor-Leste,"10,523.21","3,100.00","7,298.64",148.48,71.31,9.21,0,0,"3,617.64"
Togo,"131,136.28","327,000.00","290,545.08","2,028.70",358.88,0.15,"29,847.55",,768.26,,Togo,"101,102.55","510,900.00","329,380.19","1,655.77",377.04,0.16,"12,732.53",147.74,801.35
Tokelau,"1,036.98",0,"1,174.44",0,0,0,0,,0,,Tokelau,0,0,0,0,0,0,0,0,0
Tonga,"14,592.67",3.48,107.67,0.77,6.47,0.11,0,,55.72,,Tonga,191.56,0,153.62,0.63,6.29,0.11,0,0,57.33
Trinidad and Tobago,"126,705.47",1.84,"29,412.97",3.07,5.18,0.04,0,,0,,Trinidad and Tobago,"2,599.81",0,"11,020.58",2.74,4.61,0.04,0,0,0
Tunisia,"48,615.24",2.71,"32,144.29",32.8,0.22,0.55,576.62,,0,,Tunisia,"10,308.52",0,"3,312.36",30.61,0.21,0.52,600.21,0,0
Turkey,"96,182.50",70.7,"6,757.62",160.62,1.49,17.85,446.83,,0,,Turkey,"85,501.90",837.22,"8,234.42",138.26,1.01,17.95,468.82,0,0
Turkmenistan,"29,262.80",1.59,"22,889.27",23.92,0.11,0,0,,0,,Turkmenistan,"52,652.70",0,"11,683.36",18.75,0.1,0,0,0,0
Turks and Caicos Islands,"784,152.98","3,382,419.15","301,964.87",0,"2,337.32",0,"8,270.47",,0,,Turks and Caicos Islands,0,0,0,0,0,0,0,0,0
Tuvalu,"286,671.50",0,"18,306.21",0,0,0,0,,0,,Tuvalu,0,0,0,0,0,0,0,0,0
Uganda,"728,415.76","2,399,530.00","2,868,179.83","11,787.13","7,734.53",145.51,"116,555.03",,"19,248.43",,Uganda,"1,324,790.46","3,184,312.99","3,072,786.74","11,846.89","7,227.20",130.63,"109,001.05","21,450.47","16,061.96"
Ukraine,"305,017.68",195.69,"1,044,106.34",0,0,0,0,,0,,Ukraine,"374,801.25",0,"393,688.70",0,0,0,0,0,0
United Arab Emirates,"44,779.63",12.71,"16,078.90",0.7,0.08,0,0,,0,,United Arab Emirates,"4,954.52",100,"4,697.54",0.69,0.09,0,0,0,0
United Kingdom of Great Britain and Northern Ireland,"19,749.71",17.93,"23,442.30",0,0,0,0,,0,,United Kingdom of Great Britain and Northern Ireland,"24,195.37",0,0,0,0,0,0,0,0
United States,"39,159.94",817.95,"587,494.16",0,0,0,0,,0,,United States,"59,075.05",0,"422,565.29",0,0,0,0,0,0
Uruguay,"141,176.21",0.93,"9,740.32",0.76,0,0,0,,0,,Uruguay,"3,565.91",0,"8,928.13",0.63,0,0,0,0,0
US Virgin Islands,"2,358.99",10.13,0,0,0,0,0,,0,,US Virgin Islands,0,0,0,0,0,0,0,0,0
Uzbekistan,"192,716.23",70.17,"82,310.06",8.79,0.36,0,44.37,,0,,Uzbekistan,"239,887.70",100,"31,858.62",7.06,0.35,0,0,0,0
Vanuatu,"514,317.46","1,309.92","45,988.98",98.31,122.45,15.83,0,,216.23,,Vanuatu,"2,873.40","1,320.80",427.14,91.95,148.1,19.47,0,0,92.1
Venezuela,"32,536.30","1,023.35","277,018.19","2,793.23","1,514.78","3,412.06","4,884.60",,0,,Venezuela,"48,649.12","9,039.94","107,903.68","2,745.89","1,394.58","3,397.67","5,028.50",861.95,0
Viet Nam,"473,572.00","63,901.40","618,321.79","5,394.90","6,634.97",795.59,0,,"1,389.13",,Viet Nam,"698,237.03","19,956.32",0,"3,840.65","4,062.36",577.07,0,0,"1,432.07"
Wallis and Futuna Islands,"237,977.75","57,766.55",0,0,0,0,691.47,,0,,Wallis and Futuna Islands,0,0,0,0,0,0,0,0,0
West Bank and Gaza Strip,"228,149.63","599,804.86","27,116.03",0,0,0,0,,0,,West Bank and Gaza Strip,0,0,0,0,0,0,0,0,0
Yemen,"454,058.66","305,106.48","158,126.06","1,807.64",524.96,19.01,"17,085.50",,51.06,,Yemen,"195,462.39","372,660.87","8,464.43","1,869.38",528.43,20.22,"10,036.77",0,48.56
Zambia,"264,642.00","1,197,510.00","1,831,768.06","5,028.77","6,986.77",21.46,"30,006.68",,"4,527.77",,Zambia,"779,071.88","1,338,106.87","2,099,850.72","3,992.07","8,785.53",22.71,"29,128.63",0,"4,687.28"
Zimbabwe,"340,933.00","282,571.00","2,332,784.33","1,266.63","5,424.55","2,385.49","26,083.21",,58.98,,Zimbabwe,"709,360.03","196,698.94","2,725,284.25","1,000.83","7,836.79","2,758.39","19,070.34",0,63.95
