,2010,,,,,,,,,,,2015,,,,,,,,
Country,TB,Malaria,HIV,RoundWorm,HookWorm,WhipWorm,Schistosomiasis,Onchocerciasis,LF,,Country,TB,Malaria,HIV,RoundWorm,HookWorm,WhipWorm,Schistosomiasis,Onchocerciasis,LF
Sum,"49,601,144.32","81,553,992.71","81,989,587.10",830035.6111,"461,983.03",100912.8024,"2,388,539.47",N/A - no model,"1,728,561.57",,Sum,"40,095,338.00","55,757,351.77","64,947,015.82",685784.8747,"436,282.02",95936.22469,"1,906,408.98",990179.8621,"1,228,774.02"
Afghanistan,"424,662.00","203,229.00","24,041.45",12940.66993,227.23,213.5335883,0,,0,,Afghanistan,"199,258.79","277,055.27","10,752.55",15161.43194,266.75,238.2489251,0,0,0
Albania,"2,210.93",3.62,"2,035.05",1.558569169,0,0,0,,0,,Albania,373.97,0,98.5,0.967039267,0,0,0,0,0
Algeria,"100,018.00",9.12,"48,627.20",157.1119406,0.38,1.574885998,"5,615.93",,0,,Algeria,"57,181.59",242.21,"11,586.04",140.4627138,0.43,1.57519915,"5,620.39",0,0
American Samoa,,,0,0,0,0,0,,121.68,,American Samoa,29.19,0.83,28.52,0,0,0,0,0,141.12
Andorra,28.58,0.06,0,0,0,0,0,,0,,Andorra,9.15,0,83.37,0,0,0,0,0,0
Angola,"282,554.00","4,207.70","664,303.09","13,881","5,387.66",672.17,"28,347.68",,"21,679.42",,Angola,"301,773.79","1,272,263.88","648,951.40",6997.931384,"6,115.16",798.49,"27,389.73",6916.408272,"25,930.45"
Anguilla,,,0,0,0,0,0,,0,,Anguilla,n/a,,0,0,0,0,0,0,0
Antigua and Barbuda,35.14,0.07,398.28,0.053041643,0,0,19.5,,0,,Antigua and Barbuda,24.15,0,413.85,0.045311702,0,0,21.36,0,0
Argentina,"35,133.00",37.79,"90,351.03",203.1106771,733.32,1.44,0,,0,,Argentina,"19,493.82",216.76,"78,326.48",188.1991316,728.15,1.41535999,0,0,0
Armenia,"6,661.82",1,"6,542.66",1.215634343,0.08,0,0,,0,,Armenia,"4,161.80",0,776.95,0.927757931,0.07,0,0,0,0
Aruba,,,0,0,0,0,0,,0,,Aruba,n/a,,0,0,0,0,0,0,0
Australia,"2,280.60",80.38,"8,155.93",0,0,0,0,,0,,Australia,"1,285.61",0,"4,843.38",0,0,0,0,0,0
Austria,"1,806.32",2.24,"3,843.56",0,0,0,0,,0,,Austria,"1,079.62",0,"2,459.37",0,0,0,0,0,0
Azerbaijan,"36,243.90",12.16,"7,728.93",29.03688956,0.09,0,0,,0,,Azerbaijan,"32,612.43",72.21,"5,023.64",16.1500191,0.1,0,0,0,0
Bahamas,257.69,0.5,0,0.149592894,0,0,0,,0,,Bahamas,300.48,0,0,0.139148316,0,0,0,0,0
Bahrain,"1,121.14",0.6,"3,566.45",0,0.01,0,0,,0,,Bahrain,462.12,0,"1,010.22",0,0.01,0,0,0,0
Bangladesh,"1,207,620.00","191,646.00","11,816.73","57,552","38,272.09","10,803.15",0,,"126,079.52",,Bangladesh,"673,373.93","139,506.79","14,639.53",44607.83106,"31,693.03","9,654.97",0,0,"7,650.30"
Barbados,78.89,0.31,"2,047.09",0,0,0,0,,0,,Barbados,78.7,0,"1,147.37",0,0,0,0,0,0
Belarus,"32,962.20",25.42,"12,746.90",0,0,0,0,,0,,Belarus,"16,549.66",0,"25,579.96",0,0,0,0,0,0
Belgium,"2,794.83",4.52,"5,265.51",0,0,0,0,,0,,Belgium,"1,461.48",0,"2,967.75",0,0,0,0,0,0
Belize,544.3,106.88,"9,661.12",12.16393171,8.74,0.097535722,0,,0,,Belize,570.9,8.67,"4,908.08",9.248326236,3.95,0.057169049,0,0,0
Benin,"76,239.00","987,357.00","150,467.33","3,214",660.14,0.446316397,"43,694.77",,"8,714.86",,Benin,"103,073.22","722,666.65","138,371.07",2577.391464,735.5,0.500849687,"33,972.10",474.4782528,"5,880.00"
Bermuda,,,0,0,0,0,0,,0,,Bermuda,6.79,0.32,423.29,0,0,0,0,0,0
Bhutan,"4,924.34",785.32,"1,764.96",79.5270733,8.65,0.292235873,0,,0,,Bhutan,"5,800.96","1,484.21",925.74,36.5382519,8.23,0.269856984,0,0,0
Bolivia,"65,783.80","1,609.15","60,819.68",633.1769212,"1,756.42",34.52,0,,0,,Bolivia,"27,236.55",281,"4,443.14",403.2128883,"1,738.41",35.64197823,0,0,0
"Bonaire, Saint Eustatius and Saba",,,0,0,0,0,0,,0,,"Bonaire, Saint Eustatius and Saba",n/a,,0,0,0,0,0,0,0
Bosnia and Herzegovina,"5,630.79",3.59,"2,391.06",0,0,0,0,,0,,Bosnia and Herzegovina,"3,091.94",0,140.67,0,0,0,0,0,0
Botswana,"18,661.80","10,480.60","232,000.80",20.87166338,477.99,95.55003057,"2,846.63",,0,,Botswana,"66,391.78","2,975.20","456,310.92",16.80165262,482.54,99.09855018,"3,433.19",0,0
Brazil,"270,727.00","15,091.60","993,330.08","7,233","8,169.70","2,550.35","125,760.32",,218.14,,Brazil,"199,785.91","9,660.21","956,427.18",6464.547927,"7,328.54","2,392.95","103,557.75",22.17371411,15.3
British Virgin Islands,,,0,0,0,0,0,,0,,British Virgin Islands,28.53,,0,0,0,0,0,0,0
Brunei Darussalam,610.92,0.09,216.34,0,0,0,0,,37.8,,Brunei Darussalam,385.51,6,0,0.229588639,0,0,0,0,0
Bulgaria,"8,693.79",6.02,"9,668.97",0,0,0,0,,0,,Bulgaria,"3,094.98",0,"2,598.95",0,0,0,0,0,0
Burkina Faso,"177,180.00","3,425,380.00","368,232.28","6,753","1,321.85",0.216311197,"35,396.83",,"32,307.82",,Burkina Faso,"244,454.57","2,542,834.98","188,047.49",5973.602298,"1,398.84",0.225641484,"12,651.96",0,"13,668.63"
Burundi,"374,071.00","1,014,600.00","553,394.08",3166.150393,"3,822.89",183.32,"20,327.81",,0,,Burundi,"208,308.01","393,113.07","215,208.10",3478.412189,"3,637.23",173.4467906,"13,946.29",10860.3099,0
Cambodia,"181,934.00","108,689.00","82,054.13",418.015568,193.04,0,"12,310.55",,454.22,,Cambodia,"106,895.30","68,272.19","126,973.45",175.723492,35.06,0,"7,722.73",0,"1,245.34"
Cameroon,"165,351.00","1,776,360.00","1,548,028.75","28,368","4,496.09","2,018.99","56,096.64",,"30,613.69",,Cameroon,"124,294.51","1,663,995.81","1,816,622.70",20966.75995,"3,404.07",1506.685865,"33,185.39",78728.2862,"24,311.92"
Canada,"4,034.36",115.87,"32,963.31",0,0,0,0,,0,,Canada,"2,223.52",0,"16,383.16",0,0,0,0,0,0
Cape Verde,"1,566.99","3,119.09","5,962.26",0.63868755,1,0.002127015,0,,0,,Cape Verde,783.14,,"5,084.10",0.374509568,0.81,0.001774596,0,0,0
Cayman Islands,,,0,0,0,0,0,,0,,Cayman Islands,n/a,,0,0,0,0,0,0,0
Central African Republic,"143,960.00","512,419.00","488,382.99","6,696","2,210.69",39.11102625,"4,638.14",,"9,351.99",,Central African Republic,"153,724.23","447,772.63","440,786.14",6181.542382,"2,330.83",41.21938472,"3,989.95",21207.74832,"10,171.40"
Chad,"184,497.00","941,398.00","482,579.84","6,257","4,191.14",0.22,"25,886.26",,"12,226.84",,Chad,"160,775.99","804,552.82","513,923.70",5990.097776,"5,076.74",0.25,"31,018.12",11683.5267,"14,699.60"
Chile,"14,689.90",5.02,"31,277.63",318.1461119,0.16,11.89118386,0,,0,,Chile,"11,206.66",0,"21,904.02",307.5891518,0.1,11.20935444,0,0,0
China,"1,732,860.00","11,717.30","1,751,701.14",9505.753354,"34,728.69","2,068.43","48,561.28",,0,,China,"1,838,248.90","10,615.08","1,911,023.90",6527.337569,"29,513.24","1,900.39","24,057.89",0,0
"China, Hong Kong SAR",,,0,0,0,0,0,,0,,"China, Hong Kong SAR",n/a,,0,0,0,0,0,0,0
"China, Macao SAR",,,0,0,0,0,0,,0,,"China, Macao SAR",n/a,,0,0,0,0,0,0,0
Colombia,"51,304.60","4,189.72","479,459.81",6238.627484,"5,780.50","1,850.17",0,,0,,Colombia,"26,552.00","3,985.96","117,655.14",5753.445417,"5,003.05",1764.110853,0,0,0
Comoros,"10,215.30","34,835.70",14.26,161,201.38,163.46,0,,"1,067.22",,Comoros,"8,092.16","3,596.80","1,012.44",126.9528916,219.61,176.9004306,0,0,"1,132.08"
Congo,"57,706.70","291,255.00","244,565.50","2,189","1,195.77",652.1417452,"10,593.68",,"7,843.01",,Congo,"34,570.34","197,674.64","272,654.24",1989.426863,"1,340.81",753.577242,"9,332.81",1475.191709,"3,770.31"
Cook Islands,,,0,0,0,0,0,,0,,Cook Islands,n/a,,0,0,0,0,0,0,0
Costa Rica,"2,497.33",2.92,"8,818.84",191.8261096,313.82,24.41444908,0,,0,,Costa Rica,"1,329.56",19.73,"7,391.42",174.6690886,324.51,23.08128608,0,0,0
Cote dlvoire,"260,347.00","2,301,580.00","1,200,273.54","8,394","6,287.90",307.09,"81,732.88",,"29,017.49",,Cote dlvoire,"195,999.00","2,288,468.27",0,9605.244933,"6,646.48",336.9041021,"70,711.53",0,"32,980.45"
Croatia,"3,537.04",3.51,977.07,0,0,0,0,,0,,Croatia,"1,432.68",0,297.4,0,0,0,0,0,0
Cuba,"3,287.24",8.48,"21,117.20",615.3558149,906.1,24.32082786,0,,0,,Cuba,"1,082.96",0,"15,983.05",575.5052955,876.12,22.90482605,0,0,0
CuraASao,,,0,0,0,0,0,,0,,CuraASao,n/a,,0,0,0,0,0,0,0
Cyprus,120.5,0.35,587.52,0,0,0,0,,0,,Cyprus,83.04,0,159.93,0,0,0,0,0,0
Czech Republic,"2,795.68",9.36,982.03,0,0,0,0,,0,,Czech Republic,"1,166.53",0,704.5,0,0,0,0,0,0
Democratic People's Republic of Korea,"173,864.00",31.99,"9,291.26",824.0167369,0.31,0.000301158,0,,0,,Democratic People's Republic of Korea,"68,452.40",,0,599.1462106,0.31,0.00021494,0,0,0
Democratic Republic of the Congo,"1,754,630.00","8,244,140.00","2,734,090.23","70,453","21,890.34","3,999.05","180,088.94",,"23,384.44",,Democratic Republic of the Congo,"1,317,715.38","5,791,643.04","2,026,782.60",69476.70638,"25,519.33","4,679.57","191,509.66",475864.947,"25,394.71"
Denmark,"1,032.16",1.7,"2,848.64",0,0,0,0,,0,,Denmark,604.68,0,"1,596.09",0,0,0,0,0,0
Djibouti,"11,210.80","12,312.80","53,315.59",54.31060751,45.99,62.85519993,414.08,,0,,Djibouti,"10,618.18",226.67,"20,695.52",36.45346902,40.35,63.37609518,372.41,0,0
Dominica,77.66,0.06,363.23,0.132548697,0.01,0,0,,0,,Dominica,102.46,0,300.99,0.108092513,0.01,0,0,0,0
Dominican Republic,"20,860.60",751.81,"99,618.31",24,0.19,0,"1,264.22",,409.81,,Dominican Republic,"18,409.54",408.51,"96,429.67",19.00319422,0.14,0,"1,311.97",0.00E+00,126.9
Ecuador,"37,794.20","1,660.47","82,083.07",2328.776263,372.67,1516.623008,0,,0,,Ecuador,"28,730.09","1,131.20","37,273.01",2045.973925,255.1,1418.556745,0,1.87E-78,0
Egypt,"83,146.50",20.95,"20,930.84",431,"1,662.96",1.2,"149,394.87",,516.64,,Egypt,"32,375.35",590.54,"11,122.53",412.4451701,"1,728.35",1.267066353,"41,739.08",0,530.64
El Salvador,"5,037.55",6.96,"30,221.68",55.60502718,313.94,12.61,0,,0,,El Salvador,"3,186.40",59.75,"25,209.13",33.80594879,118.34,6.00026288,0,0,0
Equatorial Guinea,"6,351.64","56,109.00","65,337.20",448,161.95,120.33,557.02,,"1,121.40",,Equatorial Guinea,"5,186.64","77,418.85","45,351.99",390.8746933,176.91,136.6282391,606.81,1315.428545,"1,203.04"
Eritrea,"114,905.00","208,190.00","92,497.79",673,112.91,34.04097298,"4,339.34",,165.94,,Eritrea,"89,069.50","29,160.55","47,710.57",501.7601426,117.12,38.50947586,"4,152.54",0,190.77
Estonia,"1,796.60",4.33,"13,431.33",0.022111103,0,0,0,,0,,Estonia,933.25,0,"1,867.79",0.013233626,0,0,0,0,0
Ethiopia,"1,754,220.00","2,609,710.00","1,317,544.95","29,161","14,732.71","4,618.16","220,079.40",,"1,086.30",,Ethiopia,"1,748,128.53","184,456.15","1,639,891.30",16941.282,"14,800.46","4,966.08","210,340.92",25148.53082,"1,168.19"
Fiji,"1,891.82",27.3,"1,127.68",123,253.47,20.39368393,0,,"1,215.90",,Fiji,"1,259.62",0,"1,165.81",120.2181063,244.26,20.76759299,0,0,106.91
Finland,"1,475.37",1.69,"1,224.48",0,0,0,0,,0,,Finland,828.06,0,395.1,0,0,0,0,0,0
France,"20,139.70",18,"48,908.14",0,0,0,12.86,,0,,France,"12,755.58",0,"26,183.84",0,0,0,0,0,0
French Polynesia,,,0,0,0,0,0,,0,,French Polynesia,n/a,,0,0,0,0,0,0,0
Gabon,"14,463.70","78,300.70","117,337.90",713,363.55,302.1405787,"3,066.48",,"1,205.01",,Gabon,"8,014.08","43,948.34","62,694.72",649.6749228,391.82,329.4623751,"3,248.37",0,"1,390.99"
Gambia,"15,474.83","77,000.00","46,858.82",160,103.46,0.179177578,"5,378.47",,"2,142.64",,Gambia,"11,902.91","13,814.31",0,115.860504,117.03,0.209358459,"6,158.44",0,"2,245.69"
Georgia,"13,817.90",5.7,"5,819.66",0.004199053,0.04,0,0,,0,,Georgia,"8,158.26",0,"1,693.77",0.004106029,0.02,0,0,0,0
Germany,"14,916.60",27.25,"29,224.36",0,0,0,0,,0,,Germany,"7,519.56",0,"21,436.78",0,0,0,0,0.00E+00,0
Ghana,"154,629.00","1,548,960.00","886,553.78","2,896","1,243.12",2.922644844,"50,239.32",,"21,374.72",,Ghana,"149,645.17","1,057,846.69","619,574.50",2041.572805,"1,315.35",3.256400808,"35,732.44",1.37E-78,"4,746.40"
Greece,"2,564.03",4.3,"26,674.08",0,0,0,0,,0,,Greece,"2,494.48",0,934.74,0,0,0,0,0,0
Grenada,64,,85.58,0,0,0,0,,0,,Grenada,,0,89.53,0,0,0,0,0,0
Greenland,90,0.09,563.8,1.260601389,15.43,0.02,0,,0,,Greenland,49.62,0,511.35,1.220099208,14.27,0.019697303,0,0,0
Guam,,,0,0.881588456,0.02,0,0,,0,,Guam,136.51,3.94,205.42,0.845118858,0.02,0,0,0.00E+00,0
Guatemala,"48,853.10","2,860.28","93,800.38",2141.968267,"6,243.79","1,195.70",0,,0,,Guatemala,"13,192.05","1,659.51","38,238.00",1462.403104,"4,222.19",947.24,0,6.78E-78,0
Guinea,"133,856.00","1,455,480.00","202,797.91","12,001","4,138.20",104.24,"32,894.73",,"11,755.47",,Guinea,"136,504.28","1,404,493.52","283,675.07",9740.310186,"4,548.57",116.5495061,"34,495.22",0,"13,042.72"
Guinea-Bissau,"26,857.80","261,426.00","40,326.78","1,341",352.1,1.511350993,"4,383.07",,"3,323.93",,Guinea-Bissau,"27,186.95","59,099.82","98,609.14",805.2869299,234.48,1.070815356,"4,254.52",0,"3,516.80"
Guyana,"3,352.02",676.83,"20,299.35",36,23.32,4.248550137,0,,"1,570.13",,Guyana,"2,448.82",478.2,"22,713.27",25.88682417,18.6,3.301106162,0,0,"1,468.05"
Haiti,"182,214.00","45,104.60","113,862.81","1,250",213.14,11.33125779,0,,"32,396.97",,Haiti,"32,566.06","4,915.54","356,824.29",654.8637549,142.57,7.03416372,0,0,"26,164.68"
Honduras,"15,566.70","1,109.86","70,453.58",932.7505557,255.66,916.08,0,,0,,Honduras,"13,572.36",540.58,"30,779.65",796.4806088,237.72,820.7379063,0,0,0
Hungary,"7,416.23",7.93,"7,907.77",0,0,0,0,,0,,Hungary,"1,734.94",0,"1,748.93",0,0,0,0,0,0
Iceland,55.76,0.1,385.09,0,0,0,0,,0,,Iceland,33.32,0,60.81,0,0,0,0,0,0
India,"15,546,900.00","2,562,790.00","9,265,136.14","120,209","99,815.25","9,750.03",0,,"410,851.80",,India,"16,505,150.17","3,766,703.30","6,823,203.00",97460.99221,"95,300.57","9,685.03",0,0,"236,171.44"
Indonesia,"5,843,680.00","754,550.00","650,612.47","29,753","11,341.64","1,605.43",673.28,,"248,934.97",,Indonesia,"3,222,698.35","222,702.65","933,303.21",21359.33233,"11,781.95","1,493.39",390.35,0,"157,189.17"
Iran,"60,518.80",290.87,"114,605.33",143.1623696,126.86,0.001506948,270.18,,0,,Iran,"48,813.94",586.16,"26,412.30",123.7521103,128.88,0.001517254,261.06,0,0
Iraq,"61,338.50",46.8,461.89,75.20052396,1.36,0.01,"4,938.40",,0,,Iraq,"53,652.63",0,"6,002.31",66.03204646,1.41,0.016205081,"5,667.60",0,0
Ireland,"1,063.26",1.74,"1,721.95",0,0,0,0,,0,,Ireland,626.97,0,664.85,0,0,0,0,0,0
Israel,"1,184.35",3.35,"3,246.13",0,0,0,0,,0,,Israel,583.05,0,"1,917.36",0,0,0,0,0,0
Italy,"12,100.20",15.02,"55,268.90",0,0,0,0,,0,,Italy,"7,488.89",0,"35,146.02",0,0,0,0,0,0
Jamaica,814.09,2.32,"57,496.15",410.7464507,148.15,154.6013459,0,,0,,Jamaica,573.28,0,"18,149.01",371.0984782,127.04,121.0477371,0,0,0
Japan,"96,562.60",9.94,"6,731.32",0,0,0,52.42,,0,,Japan,"43,968.90",0,"6,480.23",0,0,0,0,0,0
Jordan,"2,557.98",1.85,"1,269.46",322.0785372,75.69,4.475095804,185.53,,0,,Jordan,719.41,0,604.56,364.3196623,82.15,4.829167981,198.6,0,0
Kazakhstan,"129,006.00",4.84,"33,760.68",1344.504716,0.22,0,0,,0,,Kazakhstan,"70,968.68",0,"17,870.28",1566.027408,0.22,0,0,0,0
Kenya,"494,163.00","1,600,800.00","3,000,991.03","3,129","2,588.72",148.19,"63,380.62",,778.43,,Kenya,"308,735.55","486,089.31","3,104,198.30",2214.033751,"2,709.38",162.0286853,"66,579.20",0,"1,031.31"
Kiribati,"1,194.49",2.79,196.03,1,9.68,0.801489737,0,,0,,Kiribati,"1,591.95",0.2,28.23,0.699942947,8.99,0.826236896,0,0,0
Kuwait,"2,795.38",2.72,"2,745.53",0,0,0,0,,0,,Kuwait,787.84,0,347.86,0,0,0,0,0,0
Kyrgyzstan,"36,448.60",9.3,"38,870.40",637.8226917,0.06,0,0,,0,,Kyrgyzstan,"23,701.98",0,"13,953.08",706.1706375,0.08,0,0,0,0
Lao People's Democratic Republic,"85,173.50","40,270.10","13,863.14","5,461",764.66,447.7950516,"2,469.84",,276.75,,Lao People's Democratic Republic,"29,552.90","7,190.20",0,3795.803377,636.39,384.6859676,"1,027.82",0,202.41
Latvia,"4,608.25",6.48,"18,655.29",0.079445482,0,0,0,,0,,Latvia,"1,832.47",0,"5,393.94",0.042793398,0,0,0,0,0
Lebanon,"3,456.19",1.06,"8,523.74",0.384122496,0.03,0,1.21,,0,,Lebanon,"1,658.79",0,"4,061.85",0.308849592,0.04,0,1.34,0,0
Lesotho,"93,970.30",10.36,"680,409.75",200.9844172,498.38,970.6069282,0,,0,,Lesotho,"100,270.16",0,"733,974.30",167.1104071,484,951.8439585,0,0,0
Liberia,"94,919.50","540,045.00","116,742.79","2,384","1,793.12",128.4674823,"12,686.83",,"12,070.71",,Liberia,"80,129.98","183,213.42","116,441.79",1702.913681,"1,925.62",144.0723604,"12,442.74",46920.28004,"9,118.63"
Libya,"7,939.99",1.78,"7,215.40",16.70787138,0.08,1.6105664,"7,596.24",,0,,Libya,"3,187.76",0,"5,486.98",12.20179514,0.05,1.425892119,"7,117.37",0,0
Lithuania,"10,654.50",6.8,"3,537.85",0.120913318,0,0,0,,0,,Lithuania,"6,368.63",0,"3,008.23",0.101994502,0,0,0,0,0
Luxembourg,90.23,1.27,332.9,0,0,0,0,,0,,Luxembourg,36.02,0,138.65,0,0,0,0,0,0
Madagascar,"180,999.00","787,324.00","202,962.27","26,982","3,344.83","6,803.09","39,064.34",,"24,192.62",,Madagascar,"181,093.78","350,206.87","226,513.31",23120.53205,"2,401.74",5025.614699,"34,675.48",0,"23,686.45"
Malawi,"271,772.00","1,146,980.00","2,631,089.16","3,061","1,095.58",9.35203974,"33,590.26",,"22,763.33",,Malawi,"178,154.49","941,730.20","1,723,555.30",1875.135278,809.69,6.904722925,"19,398.97",4332.198064,"20,685.54"
Malaysia,"61,132.60","16,741.70","235,735.32","7,033","5,389.45",767.99,0,,113.74,,Malaysia,"40,762.00","15,124.12","103,087.57",6611.96705,"5,381.50",635.112166,0,0,95.55
Maldives,447.81,2.56,102.02,0.105334503,0,0,0,,0,,Maldives,224.04,0,52.3,0.061134508,0,0,0,0,17.08
Mali,"179,698.00","3,225,830.00","333,827.16","3,184","2,376.89",0.12,"34,798.01",,"37,387.63",,Mali,"122,511.81","3,070,282.60","386,669.70",2444.527372,"1,838.14",0.096500977,"15,616.48",0,"33,671.89"
Malta,85.22,0.13,142.58,0,0,0,0,,0,,Malta,23.98,0,93.87,0,0,0,0,0,0
Marshall Islands,573.39,1.99,0,1.428319691,22.98,0.365605957,0,,0,,Marshall Islands,114.12,0,171,1.164214256,23.54,0.38595568,0,0,18.73
Mauritania,"34,758.80","108,355.00","52,504.73",114.1847808,97.14,2.39,"6,803.15",,83.4,,Mauritania,"21,300.07","28,498.84","18,990.26",75.95752216,106.9,2.585092468,"6,625.89",0,99.57
Mauritius,538.52,9.83,"23,976.07",0.575718273,0.01,0,"1,152.40",,0,,Mauritius,446.22,7.43,"3,872.09",0.417530098,0.01,0,"1,239.71",0.00E+00,0
Mexico,"130,755.00",113.41,"253,760.01",5390.868746,26.95,6442.944467,0,,0,,Mexico,"84,919.09",787.54,"258,597.16",4861.653972,21.16,6187.739069,0,2.62E-78,0
Micronesia (Federated States of),785.2,4.14,0,23,10.84,0.422888554,0,,25.07,,Micronesia (Federated States of),144.51,0,0,20.44030621,8.75,0.387800291,0,0,88.1
Monaco,,,0,0,0,0,0,,0,,Monaco,n/a,,0,0,0,0,0,0,0
Mongolia,"25,608.40",0.96,"1,066.07",0,0.04,0,0,,0,,Mongolia,"15,676.90",0,160.29,0,0.05,0,0,0,0
Montenegro,294.89,0.53,93.67,0.158742939,0,0,0,,0,,Montenegro,128.98,0,61.82,0.103310044,0,0,0,0,0
Montserrat,,,0,0,0,0,0,,0,,Montserrat,n/a,,0,0,0,0,0,0,0
Morocco,"218,892.00",8.93,"77,078.49",433.4294395,0.29,64.47330557,"2,864.39",,0,,Morocco,"100,874.46",211.11,"17,375.66",394.628627,0.38,64.22845181,"3,094.02",0,0
Mozambique,"540,212.00","3,360,590.00","3,853,078.93","19,064","8,255.43","8,104.03","25,749.72",,"44,335.17",,Mozambique,"418,851.84","1,920,110.91","4,241,733.00",13949.63437,"9,230.20","9,246.75","22,149.90",0,"40,563.24"
Myanmar,"1,122,430.00","1,225,710.00","1,098,668.52","7,745",806.53,"3,786.04",0,,"73,183.63",,Myanmar,"689,465.79","406,350.21","393,499.72",3622.679528,355.73,1935.990668,0,0,"49,376.19"
Namibia,"42,917.10","24,977.40","260,588.37",18.10367195,478.56,5.75,"1,522.84",,0,,Namibia,"49,547.11","13,514.22","297,031.57",11.57187236,488.45,6.219685022,"1,767.74",0,0
Nauru,,,0,0,0,0,0,,0,,Nauru,n/a,,0,0,0,0,0,0,0
Nepal,"359,659.00","30,423.00","217,743.66","2,940","12,245.97","1,639.81",0,,"30,099.50",,Nepal,"382,212.17","33,467.78","90,026.45",2169.725337,"10,309.67","1,485.40",0,0,"20,282.79"
Netherlands,"3,059.27",5.52,"5,205.16",0,0,0,0,,0,,Netherlands,"1,246.20",0,"3,232.71",0,0,0,0,0,0
New Caledonia,,,0,0,0,0,0,,0,,New Caledonia,n/a,,0,0,0,0,0,0,0
New Zealand,656.17,20.38,910.06,0,0,0,0,,0,,New Zealand,352.79,0,628.4,0,0,0,0,0,0
Nicaragua,"14,090.80","1,712.03","4,338.15",196.8222931,11.05,40.46398123,0,,0,,Nicaragua,"6,239.57",191.94,"9,753.16",123.1713437,4.51,20.80020441,0,0,0
Niger,"277,628.00","2,053,540.00","181,019.31","4,012",530.24,0.004127479,"22,823.28",,"11,209.69",,Niger,"277,211.31","2,314,368.12","195,978.98",3437.695836,460.79,0.003271842,"11,114.48",0,"9,138.53"
Nigeria,"1,936,960.00","25,052,500.00","9,011,591.94","155,150","19,915.90",453.2,"367,922.87",,"242,127.33",,Nigeria,"685,247.35","15,922,533.94","7,887,547.00",139394.3909,"20,879.11",524.82,"323,098.18",169547.9682,"268,479.47"
Niue,,,0,0,0,0,0,,0,,Niue,n/a,,0,0,0,0,0,0,0
Northern Mariana Islands,,,0,0,0.03,0,0,,0,,Northern Mariana Islands,60.73,1.36,69.21,0,0.01,0,0,0,0
Norway,796.24,2.07,"1,232.36",0,0,0,0,,0,,Norway,530.89,0,699.33,0,0,0,0,0,0
Oman,"2,517.47",2.4,991.88,1.13502098,0.04,0,71.8,,0,,Oman,"1,227.82",27.28,"3,404.10",0.953972742,0.04,0.000143122,118.3,0,0
Pakistan,"2,452,820.00","214,312.00","202,141.18",17918.63009,"1,416.22",28.09287039,0,,0,,Pakistan,"1,916,576.61","498,832.45","78,120.91",17297.71745,"1,499.93",29.74384549,0,0,0
Palau,,,0,0,0,0,0,,0,,Palau,n/a,,0,0,0,0,0,0,0
Panama,"7,909.73",785.05,"43,933.63",111.8549799,0.06,0,0,,0,,Panama,"6,877.91",124.12,"23,247.42",100.0857803,0.03,0,0,0,0
Papua New Guinea,"126,224.00","120,896.00","88,385.90","5,160","8,647.61",0,0,,"15,916.26",,Papua New Guinea,"16,773.17","84,051.83","43,382.94",4267.093997,"9,086.96",0,0,0,"18,126.77"
Paraguay,"12,487.90",6.66,"24,682.45",189.6332683,349.21,5.946739835,0,,0,,Paraguay,"8,590.16",47.45,"17,659.28",155.6884514,329.81,5.42459349,0,0,0
Peru,"108,016.00","1,272.50","130,900.63",1134.68973,170.82,992.8585677,0,,0,,Peru,"68,785.89",760.96,"42,538.90",923.5120203,148.12,846.6680796,0,0,0
Philippines,"1,234,630.00","49,318.90","19,334.20","19,358","21,034.26","5,563.23","61,667.62",,"55,452.14",,Philippines,"788,657.93","58,122.34","219,807.38",14378.41935,"15,371.56","5,262.91","48,808.00",0,"27,725.50"
Poland,"32,492.70",31.86,"12,075.66",0.82791604,0,0,0,,0,,Poland,"16,350.80",0,"7,167.19",0.560069274,0,0,0,0,0
Portugal,"9,060.94",3.25,"42,759.25",0,0,0,0,,0,,Portugal,"4,850.43",0,"31,209.44",0,0,0,0,0,0
Puerto Rico,,,0,0,0,0,157.55,,0,,Puerto Rico,525.68,20.24,"12,713.40",0,0,0,136.89,0,0
Qatar,"1,562.81",207.74,952.15,0,0.01,0,0,,0,,Qatar,436.77,0,346.51,0,0.01,0,0,0,0
Republic of Korea,"112,688.00",27.66,"21,670.53",0,0.52,8.09E-05,0,,"12,680.19",,Republic of Korea,"126,259.24",,0,0,0.42,5.83E-05,0,0,0
Republic of Moldova,"23,158.90",14.11,"30,637.56",0.387991364,0,0,0,,0,,Republic of Moldova,"8,356.69",,0,0.267870502,0,0,0,0,0
Romania,"75,582.20",18.02,"32,849.87",2.461023425,0,0,0,,0,,Romania,"36,094.39",0,"5,167.92",1.571121616,0,0,0,0,0
Russia,"920,069.00",447.09,"2,371,549.56",0,0,0,0,,0,,Russia,"429,515.03",0,"988,825.31",0,0,0,0,0,0
Rwanda,"170,525.00","627,201.00","286,721.59",5131.191703,"4,180.69",640.54,"11,511.82",,0,,Rwanda,"115,255.01","106,307.32","275,603.83",4144.157691,"4,416.71",708.8356305,"9,597.34",0,0
Saint Kitts and Nevis,,,0,0,0,0,0,,0,,Saint Kitts and Nevis,n/a,,0,0,0,0,0,0,0
Saint Lucia,265.75,0.15,926.53,5.467884933,19.59,1.586601093,28.68,,0,,Saint Lucia,189.93,0,439.96,5.062746158,16.5,1.451945615,29.56,0,0
Saint Vincent and the Grenadines,86.99,0.09,"1,263.82",1.337430157,13.08,0.018483475,0,,0,,Saint Vincent and the Grenadines,100.15,0,944.46,1.208610001,12.72,0.016643584,0,0,0
Samoa,320.66,6.23,0,2,3.88,0,0,,163.31,,Samoa,158.38,0,407.23,1.294321661,3.25,0.002703234,0,0,69.61
San Marino,,,0,0,0,0,0,,0,,San Marino,n/a,,0,0,0,0,0,0,0
Sao Tome and Principe,538.57,"7,591.82","2,539.09",73,36.79,27.91758527,195.55,,422.07,,Sao Tome and Principe,729.77,536.87,22.98,69.38246904,40.11,30.56440229,167.58,0,490.66
Saudi Arabia,"36,217.90",865.9,"9,142.05",75.00583141,526.89,0.061419092,479.31,,0,,Saudi Arabia,"21,038.31",539.29,"24,373.23",55.72194961,505.05,0.058321422,455.55,0,0
Senegal,"136,810.00","653,870.00","121,913.56","1,367",492.16,60.22092027,"43,189.85",,"8,577.34",,Senegal,"240,187.81","198,052.44","134,448.76",1038.810396,551.82,67.59603548,"25,251.23",0,"11,737.89"
Serbia,"6,458.95",11.35,"17,720.16",0.821585732,0,0,0,,0,,Serbia,"4,058.85",0,"2,238.16",0.570804976,0,0,0,0,0
Seychelles,104.98,0.88,448.11,3.848325233,16.76,18.64,0,,0,,Seychelles,46.26,0,257.17,3.974880012,14.91,19.78398335,0,0,0
Sierra Leone,"104,261.00","675,786.00","131,187.27","7,354","2,033.50",254.4701995,"5,659.54",,"7,020.29",,Sierra Leone,"66,897.49","715,744.93","152,842.72",5598.896237,"1,552.07",201.0528646,"2,453.68",18440.32555,"5,675.03"
Singapore,"2,957.43",0.67,"3,081.39",0,0,0,0,,0,,Singapore,"1,298.56",0.65,650.56,0,0,0,0,0,0
Sint Maarten (Dutch part),,,0,0,0,0,0,,0,,Sint Maarten (Dutch part),n/a,,0,0,0,0,0,0,0
Slovakia,"1,978.40",4.37,373.65,0.275249237,0,0,0,,0,,Slovakia,929.04,0,266.52,0.237959956,0,0,0,0,0
Slovenia,776.19,1.62,546.84,0,0,0,0,,0,,Slovenia,337.12,0,83,0,0,0,0,0,0
Solomon Islands,"6,545.37","5,496.89",0,38.9021243,296.56,43.54576639,0,,0,,Solomon Islands,"2,004.43","2,052.99","1,302.39",30.52567496,315.44,47.27373453,0,0,0
Somalia,"256,355.00","951,236.00","265,788.34",2630.345607,"3,998.80","1,291.29","17,559.74",,0,,Somalia,"314,280.48","257,481.10","92,811.29",2422.174501,"3,997.66",1435.711746,"18,368.48",0,0
South Africa,"874,640.00","17,351.80","11,915,616.10",2145.775885,"11,859.50","7,421.23","45,344.39",,0,,South Africa,"1,056,034.58","12,561.44","9,101,345.00",1924.636767,"10,321.03","6,983.27","45,477.27",0,0
South Sudan,"240,531.00","286,556.96","551,177.50",7659.263235,"1,423.15",4.169833655,"16,228.15",,"2,485.45",,South Sudan,,"452,098.07","485,667.69",7254.365928,"1,636.36",5.004374235,"19,648.92",80684.35292,"2,726.64"
Spain,"17,589.60",12.04,"56,242.71",0,0,0,0,,0,,Spain,"7,405.74",0,"44,345.05",0,0,0,0,0,0
Sri Lanka,"49,596.00","2,410.07","9,506.09",368.865406,874.86,142.53,0,,"8,991.06",,Sri Lanka,"21,040.53",441.38,"2,672.64",289.9313227,791.46,141.2614569,0,0,"2,409.41"
Sudan,"276,907.00","1,145,640.00","886,973.37","1,592","3,957.42",12.89455811,"21,047.66",,"2,341.43",,Sudan,"74,711.48","232,364.09","221,104.87",1156.280644,"3,990.22",13.67593386,"17,967.31",0,"2,690.53"
Suriname,515.03,552.17,"14,823.65",6.307616558,32.34,2.67E-05,481.89,,0,,Suriname,291.61,104.75,"6,288.28",4.850728356,24.19,2.36E-05,514.27,0,0
Swaziland,"29,996.00","1,000.00","361,429.70",180.4750077,797.88,291.2504273,958.73,,0,,Swaziland,"36,436.06",27.78,"352,656.93",157.8623476,850.89,294.7812523,900.2,0,0
Sweden,482,0,"1,943.24",0,0,0,0,,0,,Sweden,942.97,0,"1,205.82",0,0,0,0,0,0
Switzerland,276.19,0,"6,754.44",0,0,0,0,,0,,Switzerland,571.73,0,"2,685.55",0,0,0,0,0,0
Syrian Arab Republic,"24,010.69",0,"4,022.46",1054.597919,265.93,15.06201776,"2,903.13",,0,,Syrian Arab Republic,"2,689.91",,0,938.2458096,243.9,13.07507785,"2,493.58",0,0
Tajikistan,"39,001.40",804.16,"28,213.89",64.05492565,0.05,0.000347131,0,,0,,Tajikistan,"24,116.09",320.51,"8,972.27",97.80399465,613.28,0.002246279,0,0,0
Tanzania,"523,767.00","3,216,420.00","4,674,416.77","24,581","18,925.22","1,290.56","153,080.51",,"44,776.04",,Tanzania,"443,307.12","1,207,401.55","2,700,468.60",16714.33426,"21,309.26","1,519.32","105,738.58",16194.25731,"39,128.88"
Thailand,"312,853.48","24,000.00","1,123,299.96",482,"5,598.78",11.62,0,,69.72,,Thailand,"169,798.70","18,980.17","618,690.50",306.8088777,"4,720.86",10.24502013,0,0,62.56
The Former Yugoslav Republic of Macedonia,"2,181.19",1.82,"2,404.59",0.230424365,0,0,0,,0,,The Former Yugoslav Republic of Macedonia,"1,405.01",,0,0.254955043,0,0,0,0,0
Timor-Leste,,,0,184,69.22,8.400260257,0,,"3,513.91",,Timor-Leste,"4,735.57",832.75,"3,324.53",130.6135165,71.93,8.782623858,0,0,"3,509.89"
Togo,"130,915.46","327,000.00","290,545.08",2028.695403,358.88,0.14502811,"29,847.55",,768.26,,Togo,"57,768.57","554,840.29","333,705.77",1327.402073,384.91,0.164986211,"9,284.20",161.7585959,815.08
Tokelau,,,0,0,0,0,0,,0,,Tokelau,n/a,,0,0,0,0,0,0,0
Tonga,198.33,3.48,0,0.772967333,6.47,0.108221271,0,,55.72,,Tonga,53.1,0,70.98,0.607761431,6.18,0.104359559,0,0,58.27
Trinidad and Tobago,"1,011.19",1.84,"29,330.21",3.074866857,5.18,0.037707335,0,,0,,Trinidad and Tobago,561.94,0,"10,906.39",2.465366718,4.6,0.036450802,0,0,0
Tunisia,"10,746.20",2.71,"32,140.27",32.79828676,0.22,0.547706711,576.62,,0,,Tunisia,"9,777.73",0,"4,388.28",29.17407362,0.21,0.524220717,621.88,0,0
Turkey,"96,182.50",70.7,"6,757.62",160.6176922,1.49,17.851282,446.83,,0,,Turkey,"30,014.75",348.2,"9,611.37",123.9530414,0.82,18.08671991,497.12,0,0
Turkmenistan,"29,262.80",1.59,"22,889.27",23.92039391,0.11,0,0,,0,,Turkmenistan,"15,905.67",0.14,"17,007.76",17.30946263,0.1,0,0,0,0
Turks and Caicos Islands,,,0,0,0,0,0,,0,,Turks and Caicos Islands,n/a,,0,0,0,0,0,0,0
Tuvalu,,,0,0,0,0,0,,0,,Tuvalu,n/a,,0,0,0,0,0,0,0
Uganda,"725,727.00","2,399,530.00","2,868,066.03","11,787","7,734.53",145.51,"116,555.03",,"19,248.43",,Uganda,"363,030.66","1,362,612.03","2,135,621.70",9611.411163,"6,139.55",120.8436629,"92,719.60",19585.90768,"14,340.91"
Ukraine,"283,678.00",195.69,"1,044,023.08",0,0,0,0,,0,,Ukraine,"156,693.37",0,"372,178.14",0,0,0,0,0,0
United Arab Emirates,"2,455.32",12.71,"12,128.99",0.702050989,0.08,0,0,,0,,United Arab Emirates,"3,063.64",105.18,"13,202.44",0.665546444,0.1,0,0,0,0
United Kingdom of Great Britain and Northern Ireland,"17,054.90",17.93,"22,207.52",0,0,0,0,,0,,United Kingdom of Great Britain and Northern Ireland,"7,765.66",,0,0,0,0,0,0,0
United States,"39,159.94",817.95,"587,494.16",0,0,0,0,,0,,United States,"19,788.20",0,"360,805.20",0,0,0,0,0,0
Uruguay,"2,562.44",0.93,"8,368.80",0.762542601,0,0,0,,0,,Uruguay,"1,182.26",0,"7,386.93",0.541120459,0,0,0,0,0
US Virgin Islands,,,0,0,0,0,0,,0,,US Virgin Islands,28.53,0.52,0,0,0,0,0,0,0
Uzbekistan,"157,641.00",43.93,"78,135.51",8.786748413,0.36,0,0,,0,,Uzbekistan,"88,479.84",0,"25,773.32",6.600754105,0.35,0,0,0,0
Vanuatu,"2,118.71",474.54,0,98.30868966,122.45,15.83233296,0,,216.23,,Vanuatu,732.21,880.28,616.85,93.71290508,129.63,17.46841195,0,0,52.2
Venezuela,"32,536.30","1,023.35","277,018.19",2793.234676,"1,514.78","3,412.06","4,884.60",,0,,Venezuela,"19,112.76","1,615.84","101,078.99",2681.531206,"1,337.97",3381.45569,"5,171.97",615.7842723,0
Viet Nam,"473,572.00","63,901.40","618,321.79",5394.903603,"6,634.97",795.59,0,,"1,389.13",,Viet Nam,"418,468.39","43,601.09",0,3066.251556,"2,976.92",456.56,0,0,"1,481.12"
Wallis and Futuna Islands,,,0,0,0,0,0,,0,,Wallis and Futuna Islands,n/a,,0,0,0,0,0,0,0
West Bank and Gaza Strip,,,0,0,0,0,0,,0,,West Bank and Gaza Strip,n/a,,0,0,0,0,0,0,0
Yemen,"176,224.00","298,580.00","8,210.10","1,808",524.96,19.01270357,"17,085.50",,51.06,,Yemen,"69,390.44","28,000.66","8,187.55",1875.160127,557.05,20.88137278,"7,752.94",0,46.81
Zambia,"264,642.00","1,197,510.00","1,831,768.06","5,029","6,986.77",21.46,"30,006.68",,"4,527.77",,Zambia,"157,893.06","600,752.76","2,027,191.30",3274.952605,"7,724.20",24.5,"28,814.77",0,"4,749.27"
Zimbabwe,"340,933.00","282,571.00","2,332,784.33","1,267","5,424.55","2,385.49","26,083.21",,58.98,,Zimbabwe,"270,596.05","109,649.73","2,526,567.30",851.9205133,"5,924.16","2,663.08","16,419.26",0,67.51
